{
    "name": "minecraft:brewing",
    "after": [ "minecraft:combat" ],
    "before": [ ],
    "icon": {
        "name": "minecraft:potion",
        "data": "{Potion: \"minecraft:water\"}"
    },
    "contents": [
        "minecraft:ghast_tear",
        {
            "name": "minecraft:potion",
            "data": "{Potion:\"minecraft:water\"}"
        },
        {
            "name": "minecraft:potion",
            "data": "{Potion:\"minecraft:mundane\"}"
        },
        {
            "name": "minecraft:potion",
            "data": "{Potion:\"minecraft:thick\"}"
        },
        {
            "name": "minecraft:potion",
            "data": "{Potion:\"minecraft:awkward\"}"
        },
        {
            "name": "minecraft:potion",
            "data": "{Potion:\"minecraft:night_vision\"}"
        },
        {
            "name": "minecraft:potion",
            "data": "{Potion:\"minecraft:long_night_vision\"}"
        },
        {
            "name": "minecraft:potion",
            "data": "{Potion:\"minecraft:invisibility\"}"
        },
        {
            "name": "minecraft:potion",
            "data": "{Potion:\"minecraft:long_invisibility\"}"
        },
        {
            "name": "minecraft:potion",
            "data": "{Potion:\"minecraft:leaping\"}"
        },
        {
            "name": "minecraft:potion",
            "data": "{Potion:\"minecraft:long_leaping\"}"
        },
        {
            "name": "minecraft:potion",
            "data": "{Potion:\"minecraft:strong_leaping\"}"
        },
        {
            "name": "minecraft:potion",
            "data": "{Potion:\"minecraft:fire_resistance\"}"
        },
        {
            "name": "minecraft:potion",
            "data": "{Potion:\"minecraft:long_fire_resistance\"}"
        },
        {
            "name": "minecraft:potion",
            "data": "{Potion:\"minecraft:swiftness\"}"
        },
        {
            "name": "minecraft:potion",
            "data": "{Potion:\"minecraft:long_swiftness\"}"
        },
        {
            "name": "minecraft:potion",
            "data": "{Potion:\"minecraft:strong_swiftness\"}"
        },
        {
            "name": "minecraft:potion",
            "data": "{Potion:\"minecraft:slowness\"}"
        },
        {
            "name": "minecraft:potion",
            "data": "{Potion:\"minecraft:long_slowness\"}"
        },
        {
            "name": "minecraft:potion",
            "data": "{Potion:\"minecraft:strong_slowness\"}"
        },
        {
            "name": "minecraft:potion",
            "data": "{Potion:\"minecraft:turtle_master\"}"
        },
        {
            "name": "minecraft:potion",
            "data": "{Potion:\"minecraft:long_turtle_master\"}"
        },
        {
            "name": "minecraft:potion",
            "data": "{Potion:\"minecraft:strong_turtle_master\"}"
        },
        {
            "name": "minecraft:potion",
            "data": "{Potion:\"minecraft:water_breathing\"}"
        },
        {
            "name": "minecraft:potion",
            "data": "{Potion:\"minecraft:long_water_breathing\"}"
        },
        {
            "name": "minecraft:potion",
            "data": "{Potion:\"minecraft:healing\"}"
        },
        {
            "name": "minecraft:potion",
            "data": "{Potion:\"minecraft:strong_healing\"}"
        },
        {
            "name": "minecraft:potion",
            "data": "{Potion:\"minecraft:harming\"}"
        },
        {
            "name": "minecraft:potion",
            "data": "{Potion:\"minecraft:strong_harming\"}"
        },
        {
            "name": "minecraft:potion",
            "data": "{Potion:\"minecraft:poison\"}"
        },
        {
            "name": "minecraft:potion",
            "data": "{Potion:\"minecraft:long_poison\"}"
        },
        {
            "name": "minecraft:potion",
            "data": "{Potion:\"minecraft:strong_poison\"}"
        },
        {
            "name": "minecraft:potion",
            "data": "{Potion:\"minecraft:regeneration\"}"
        },
        {
            "name": "minecraft:potion",
            "data": "{Potion:\"minecraft:long_regeneration\"}"
        },
        {
            "name": "minecraft:potion",
            "data": "{Potion:\"minecraft:strong_regeneration\"}"
        },
        {
            "name": "minecraft:potion",
            "data": "{Potion:\"minecraft:strength\"}"
        },
        {
            "name": "minecraft:potion",
            "data": "{Potion:\"minecraft:long_strength\"}"
        },
        {
            "name": "minecraft:potion",
            "data": "{Potion:\"minecraft:strong_strength\"}"
        },
        {
            "name": "minecraft:potion",
            "data": "{Potion:\"minecraft:weakness\"}"
        },
        {
            "name": "minecraft:potion",
            "data": "{Potion:\"minecraft:long_weakness\"}"
        },
        {
            "name": "minecraft:potion",
            "data": "{Potion:\"minecraft:luck\"}"
        },
        {
            "name": "minecraft:potion",
            "data": "{Potion:\"minecraft:slow_falling\"}"
        },
        {
            "name": "minecraft:potion",
            "data": "{Potion:\"minecraft:long_slow_falling\"}"
        },
        "minecraft:glass_bottle",
        "minecraft:fermented_spider_eye",
        "minecraft:blaze_powder",
        "minecraft:magma_cream",
        "minecraft:brewing_stand",
        "minecraft:cauldron",
        "minecraft:glistering_melon_slice",
        "minecraft:golden_carrot",
        "minecraft:rabbit_foot",
        "minecraft:dragon_breath",
        {
            "name": "minecraft:splash_potion",
            "data": "{Potion:\"minecraft:water\"}"
        },
        {
            "name": "minecraft:splash_potion",
            "data": "{Potion:\"minecraft:mundane\"}"
        },
        {
            "name": "minecraft:splash_potion",
            "data": "{Potion:\"minecraft:thick\"}"
        },
        {
            "name": "minecraft:splash_potion",
            "data": "{Potion:\"minecraft:awkward\"}"
        },
        {
            "name": "minecraft:splash_potion",
            "data": "{Potion:\"minecraft:night_vision\"}"
        },
        {
            "name": "minecraft:splash_potion",
            "data": "{Potion:\"minecraft:long_night_vision\"}"
        },
        {
            "name": "minecraft:splash_potion",
            "data": "{Potion:\"minecraft:invisibility\"}"
        },
        {
            "name": "minecraft:splash_potion",
            "data": "{Potion:\"minecraft:long_invisibility\"}"
        },
        {
            "name": "minecraft:splash_potion",
            "data": "{Potion:\"minecraft:leaping\"}"
        },
        {
            "name": "minecraft:splash_potion",
            "data": "{Potion:\"minecraft:long_leaping\"}"
        },
        {
            "name": "minecraft:splash_potion",
            "data": "{Potion:\"minecraft:strong_leaping\"}"
        },
        {
            "name": "minecraft:splash_potion",
            "data": "{Potion:\"minecraft:fire_resistance\"}"
        },
        {
            "name": "minecraft:splash_potion",
            "data": "{Potion:\"minecraft:long_fire_resistance\"}"
        },
        {
            "name": "minecraft:splash_potion",
            "data": "{Potion:\"minecraft:swiftness\"}"
        },
        {
            "name": "minecraft:splash_potion",
            "data": "{Potion:\"minecraft:long_swiftness\"}"
        },
        {
            "name": "minecraft:splash_potion",
            "data": "{Potion:\"minecraft:strong_swiftness\"}"
        },
        {
            "name": "minecraft:splash_potion",
            "data": "{Potion:\"minecraft:slowness\"}"
        },
        {
            "name": "minecraft:splash_potion",
            "data": "{Potion:\"minecraft:long_slowness\"}"
        },
        {
            "name": "minecraft:splash_potion",
            "data": "{Potion:\"minecraft:strong_slowness\"}"
        },
        {
            "name": "minecraft:splash_potion",
            "data": "{Potion:\"minecraft:turtle_master\"}"
        },
        {
            "name": "minecraft:splash_potion",
            "data": "{Potion:\"minecraft:long_turtle_master\"}"
        },
        {
            "name": "minecraft:splash_potion",
            "data": "{Potion:\"minecraft:strong_turtle_master\"}"
        },
        {
            "name": "minecraft:splash_potion",
            "data": "{Potion:\"minecraft:water_breathing\"}"
        },
        {
            "name": "minecraft:splash_potion",
            "data": "{Potion:\"minecraft:long_water_breathing\"}"
        },
        {
            "name": "minecraft:splash_potion",
            "data": "{Potion:\"minecraft:healing\"}"
        },
        {
            "name": "minecraft:splash_potion",
            "data": "{Potion:\"minecraft:strong_healing\"}"
        },
        {
            "name": "minecraft:splash_potion",
            "data": "{Potion:\"minecraft:harming\"}"
        },
        {
            "name": "minecraft:splash_potion",
            "data": "{Potion:\"minecraft:strong_harming\"}"
        },
        {
            "name": "minecraft:splash_potion",
            "data": "{Potion:\"minecraft:poison\"}"
        },
        {
            "name": "minecraft:splash_potion",
            "data": "{Potion:\"minecraft:long_poison\"}"
        },
        {
            "name": "minecraft:splash_potion",
            "data": "{Potion:\"minecraft:strong_poison\"}"
        },
        {
            "name": "minecraft:splash_potion",
            "data": "{Potion:\"minecraft:regeneration\"}"
        },
        {
            "name": "minecraft:splash_potion",
            "data": "{Potion:\"minecraft:long_regeneration\"}"
        },
        {
            "name": "minecraft:splash_potion",
            "data": "{Potion:\"minecraft:strong_regeneration\"}"
        },
        {
            "name": "minecraft:splash_potion",
            "data": "{Potion:\"minecraft:strength\"}"
        },
        {
            "name": "minecraft:splash_potion",
            "data": "{Potion:\"minecraft:long_strength\"}"
        },
        {
            "name": "minecraft:splash_potion",
            "data": "{Potion:\"minecraft:strong_strength\"}"
        },
        {
            "name": "minecraft:splash_potion",
            "data": "{Potion:\"minecraft:weakness\"}"
        },
        {
            "name": "minecraft:splash_potion",
            "data": "{Potion:\"minecraft:long_weakness\"}"
        },
        {
            "name": "minecraft:splash_potion",
            "data": "{Potion:\"minecraft:luck\"}"
        },
        {
            "name": "minecraft:splash_potion",
            "data": "{Potion:\"minecraft:slow_falling\"}"
        },
        {
            "name": "minecraft:splash_potion",
            "data": "{Potion:\"minecraft:long_slow_falling\"}"
        },
        {
            "name": "minecraft:lingering_potion",
            "data": "{Potion:\"minecraft:water\"}"
        },
        {
            "name": "minecraft:lingering_potion",
            "data": "{Potion:\"minecraft:mundane\"}"
        },
        {
            "name": "minecraft:lingering_potion",
            "data": "{Potion:\"minecraft:thick\"}"
        },
        {
            "name": "minecraft:lingering_potion",
            "data": "{Potion:\"minecraft:awkward\"}"
        },
        {
            "name": "minecraft:lingering_potion",
            "data": "{Potion:\"minecraft:night_vision\"}"
        },
        {
            "name": "minecraft:lingering_potion",
            "data": "{Potion:\"minecraft:long_night_vision\"}"
        },
        {
            "name": "minecraft:lingering_potion",
            "data": "{Potion:\"minecraft:invisibility\"}"
        },
        {
            "name": "minecraft:lingering_potion",
            "data": "{Potion:\"minecraft:long_invisibility\"}"
        },
        {
            "name": "minecraft:lingering_potion",
            "data": "{Potion:\"minecraft:leaping\"}"
        },
        {
            "name": "minecraft:lingering_potion",
            "data": "{Potion:\"minecraft:long_leaping\"}"
        },
        {
            "name": "minecraft:lingering_potion",
            "data": "{Potion:\"minecraft:strong_leaping\"}"
        },
        {
            "name": "minecraft:lingering_potion",
            "data": "{Potion:\"minecraft:fire_resistance\"}"
        },
        {
            "name": "minecraft:lingering_potion",
            "data": "{Potion:\"minecraft:long_fire_resistance\"}"
        },
        {
            "name": "minecraft:lingering_potion",
            "data": "{Potion:\"minecraft:swiftness\"}"
        },
        {
            "name": "minecraft:lingering_potion",
            "data": "{Potion:\"minecraft:long_swiftness\"}"
        },
        {
            "name": "minecraft:lingering_potion",
            "data": "{Potion:\"minecraft:strong_swiftness\"}"
        },
        {
            "name": "minecraft:lingering_potion",
            "data": "{Potion:\"minecraft:slowness\"}"
        },
        {
            "name": "minecraft:lingering_potion",
            "data": "{Potion:\"minecraft:long_slowness\"}"
        },
        {
            "name": "minecraft:lingering_potion",
            "data": "{Potion:\"minecraft:strong_slowness\"}"
        },
        {
            "name": "minecraft:lingering_potion",
            "data": "{Potion:\"minecraft:turtle_master\"}"
        },
        {
            "name": "minecraft:lingering_potion",
            "data": "{Potion:\"minecraft:long_turtle_master\"}"
        },
        {
            "name": "minecraft:lingering_potion",
            "data": "{Potion:\"minecraft:strong_turtle_master\"}"
        },
        {
            "name": "minecraft:lingering_potion",
            "data": "{Potion:\"minecraft:water_breathing\"}"
        },
        {
            "name": "minecraft:lingering_potion",
            "data": "{Potion:\"minecraft:long_water_breathing\"}"
        },
        {
            "name": "minecraft:lingering_potion",
            "data": "{Potion:\"minecraft:healing\"}"
        },
        {
            "name": "minecraft:lingering_potion",
            "data": "{Potion:\"minecraft:strong_healing\"}"
        },
        {
            "name": "minecraft:lingering_potion",
            "data": "{Potion:\"minecraft:harming\"}"
        },
        {
            "name": "minecraft:lingering_potion",
            "data": "{Potion:\"minecraft:strong_harming\"}"
        },
        {
            "name": "minecraft:lingering_potion",
            "data": "{Potion:\"minecraft:poison\"}"
        },
        {
            "name": "minecraft:lingering_potion",
            "data": "{Potion:\"minecraft:long_poison\"}"
        },
        {
            "name": "minecraft:lingering_potion",
            "data": "{Potion:\"minecraft:strong_poison\"}"
        },
        {
            "name": "minecraft:lingering_potion",
            "data": "{Potion:\"minecraft:regeneration\"}"
        },
        {
            "name": "minecraft:lingering_potion",
            "data": "{Potion:\"minecraft:long_regeneration\"}"
        },
        {
            "name": "minecraft:lingering_potion",
            "data": "{Potion:\"minecraft:strong_regeneration\"}"
        },
        {
            "name": "minecraft:lingering_potion",
            "data": "{Potion:\"minecraft:strength\"}"
        },
        {
            "name": "minecraft:lingering_potion",
            "data": "{Potion:\"minecraft:long_strength\"}"
        },
        {
            "name": "minecraft:lingering_potion",
            "data": "{Potion:\"minecraft:strong_strength\"}"
        },
        {
            "name": "minecraft:lingering_potion",
            "data": "{Potion:\"minecraft:weakness\"}"
        },
        {
            "name": "minecraft:lingering_potion",
            "data": "{Potion:\"minecraft:long_weakness\"}"
        },
        {
            "name": "minecraft:lingering_potion",
            "data": "{Potion:\"minecraft:luck\"}"
        },
        {
            "name": "minecraft:lingering_potion",
            "data": "{Potion:\"minecraft:slow_falling\"}"
        },
        {
            "name": "minecraft:lingering_potion",
            "data": "{Potion:\"minecraft:long_slow_falling\"}"
        },
        "minecraft:phantom_membrane"
    ]
}
