{
    "name": "minecraft:building_blocks",
    "after": [ ],
    "before": [ "minecraft:decoration_blocks" ],
    "icon": "minecraft:bricks",
    "contents": [
        "minecraft:stone",
        "minecraft:granite",
        "minecraft:polished_granite",
        "minecraft:diorite",
        "minecraft:polished_diorite",
        "minecraft:andesite",
        "minecraft:polished_andesite",
        "minecraft:deepslate",
        "minecraft:cobbled_deepslate",
        "minecraft:polished_deepslate",
        "minecraft:calcite",
        "minecraft:tuff",
        "minecraft:dripstone_block",
        "minecraft:grass_block",
        "minecraft:dirt",
        "minecraft:coarse_dirt",
        "minecraft:podzol",
        "minecraft:rooted_dirt",
        "minecraft:crimson_nylium",
        "minecraft:warped_nylium",
        "minecraft:cobblestone",
        "minecraft:oak_planks",
        "minecraft:spruce_planks",
        "minecraft:birch_planks",
        "minecraft:jungle_planks",
        "minecraft:acacia_planks",
        "minecraft:dark_oak_planks",
        "minecraft:crimson_planks",
        "minecraft:warped_planks",
        "minecraft:bedrock",
        "minecraft:sand",
        "minecraft:red_sand",
        "minecraft:gravel",
        "minecraft:coal_ore",
        "minecraft:deepslate_coal_ore",
        "minecraft:iron_ore",
        "minecraft:deepslate_iron_ore",
        "minecraft:copper_ore",
        "minecraft:deepslate_copper_ore",
        "minecraft:gold_ore",
        "minecraft:deepslate_gold_ore",
        "minecraft:redstone_ore",
        "minecraft:deepslate_redstone_ore",
        "minecraft:emerald_ore",
        "minecraft:deepslate_emerald_ore",
        "minecraft:lapis_ore",
        "minecraft:deepslate_lapis_ore",
        "minecraft:diamond_ore",
        "minecraft:deepslate_diamond_ore",
        "minecraft:nether_gold_ore",
        "minecraft:nether_quartz_ore",
        "minecraft:ancient_debris",
        "minecraft:coal_block",
        "minecraft:raw_iron_block",
        "minecraft:raw_copper_block",
        "minecraft:raw_gold_block",
        "minecraft:amethyst_block",
        "minecraft:budding_amethyst",
        "minecraft:iron_block",
        "minecraft:copper_block",
        "minecraft:gold_block",
        "minecraft:diamond_block",
        "minecraft:netherite_block",
        "minecraft:exposed_copper",
        "minecraft:weathered_copper",
        "minecraft:oxidized_copper",
        "minecraft:cut_copper",
        "minecraft:exposed_cut_copper",
        "minecraft:weathered_cut_copper",
        "minecraft:oxidized_cut_copper",
        "minecraft:cut_copper_stairs",
        "minecraft:exposed_cut_copper_stairs",
        "minecraft:weathered_cut_copper_stairs",
        "minecraft:oxidized_cut_copper_stairs",
        "minecraft:cut_copper_slab",
        "minecraft:exposed_cut_copper_slab",
        "minecraft:weathered_cut_copper_slab",
        "minecraft:oxidized_cut_copper_slab",
        "minecraft:waxed_copper_block",
        "minecraft:waxed_exposed_copper",
        "minecraft:waxed_weathered_copper",
        "minecraft:waxed_oxidized_copper",
        "minecraft:waxed_cut_copper",
        "minecraft:waxed_exposed_cut_copper",
        "minecraft:waxed_weathered_cut_copper",
        "minecraft:waxed_oxidized_cut_copper",
        "minecraft:waxed_cut_copper_stairs",
        "minecraft:waxed_exposed_cut_copper_stairs",
        "minecraft:waxed_weathered_cut_copper_stairs",
        "minecraft:waxed_oxidized_cut_copper_stairs",
        "minecraft:waxed_cut_copper_slab",
        "minecraft:waxed_exposed_cut_copper_slab",
        "minecraft:waxed_weathered_cut_copper_slab",
        "minecraft:waxed_oxidized_cut_copper_slab",
        "minecraft:oak_log",
        "minecraft:spruce_log",
        "minecraft:birch_log",
        "minecraft:jungle_log",
        "minecraft:acacia_log",
        "minecraft:dark_oak_log",
        "minecraft:crimson_stem",
        "minecraft:warped_stem",
        "minecraft:stripped_oak_log",
        "minecraft:stripped_spruce_log",
        "minecraft:stripped_birch_log",
        "minecraft:stripped_jungle_log",
        "minecraft:stripped_acacia_log",
        "minecraft:stripped_dark_oak_log",
        "minecraft:stripped_crimson_stem",
        "minecraft:stripped_warped_stem",
        "minecraft:stripped_oak_wood",
        "minecraft:stripped_spruce_wood",
        "minecraft:stripped_birch_wood",
        "minecraft:stripped_jungle_wood",
        "minecraft:stripped_acacia_wood",
        "minecraft:stripped_dark_oak_wood",
        "minecraft:stripped_crimson_hyphae",
        "minecraft:stripped_warped_hyphae",
        "minecraft:oak_wood",
        "minecraft:spruce_wood",
        "minecraft:birch_wood",
        "minecraft:jungle_wood",
        "minecraft:acacia_wood",
        "minecraft:dark_oak_wood",
        "minecraft:crimson_hyphae",
        "minecraft:warped_hyphae",
        "minecraft:sponge",
        "minecraft:wet_sponge",
        "minecraft:glass",
        "minecraft:tinted_glass",
        "minecraft:lapis_block",
        "minecraft:sandstone",
        "minecraft:chiseled_sandstone",
        "minecraft:cut_sandstone",
        "minecraft:white_wool",
        "minecraft:orange_wool",
        "minecraft:magenta_wool",
        "minecraft:light_blue_wool",
        "minecraft:yellow_wool",
        "minecraft:lime_wool",
        "minecraft:pink_wool",
        "minecraft:gray_wool",
        "minecraft:light_gray_wool",
        "minecraft:cyan_wool",
        "minecraft:purple_wool",
        "minecraft:blue_wool",
        "minecraft:brown_wool",
        "minecraft:green_wool",
        "minecraft:red_wool",
        "minecraft:black_wool",
        "minecraft:oak_slab",
        "minecraft:spruce_slab",
        "minecraft:birch_slab",
        "minecraft:jungle_slab",
        "minecraft:acacia_slab",
        "minecraft:dark_oak_slab",
        "minecraft:crimson_slab",
        "minecraft:warped_slab",
        "minecraft:stone_slab",
        "minecraft:smooth_stone_slab",
        "minecraft:sandstone_slab",
        "minecraft:cut_sandstone_slab",
        "minecraft:petrified_oak_slab",
        "minecraft:cobblestone_slab",
        "minecraft:brick_slab",
        "minecraft:stone_brick_slab",
        "minecraft:nether_brick_slab",
        "minecraft:quartz_slab",
        "minecraft:red_sandstone_slab",
        "minecraft:cut_red_sandstone_slab",
        "minecraft:purpur_slab",
        "minecraft:prismarine_slab",
        "minecraft:prismarine_brick_slab",
        "minecraft:dark_prismarine_slab",
        "minecraft:smooth_quartz",
        "minecraft:smooth_red_sandstone",
        "minecraft:smooth_sandstone",
        "minecraft:smooth_stone",
        "minecraft:bricks",
        "minecraft:bookshelf",
        "minecraft:mossy_cobblestone",
        "minecraft:obsidian",
        "minecraft:purpur_block",
        "minecraft:purpur_pillar",
        "minecraft:purpur_stairs",
        "minecraft:oak_stairs",
        "minecraft:cobblestone_stairs",
        "minecraft:ice",
        "minecraft:snow_block",
        "minecraft:clay",
        "minecraft:pumpkin",
        "minecraft:carved_pumpkin",
        "minecraft:jack_o_lantern",
        "minecraft:netherrack",
        "minecraft:soul_sand",
        "minecraft:soul_soil",
        "minecraft:basalt",
        "minecraft:polished_basalt",
        "minecraft:smooth_basalt",
        "minecraft:glowstone",
        "minecraft:stone_bricks",
        "minecraft:mossy_stone_bricks",
        "minecraft:cracked_stone_bricks",
        "minecraft:chiseled_stone_bricks",
        "minecraft:deepslate_bricks",
        "minecraft:cracked_deepslate_bricks",
        "minecraft:deepslate_tiles",
        "minecraft:cracked_deepslate_tiles",
        "minecraft:chiseled_deepslate",
        "minecraft:melon",
        "minecraft:brick_stairs",
        "minecraft:stone_brick_stairs",
        "minecraft:mycelium",
        "minecraft:nether_bricks",
        "minecraft:cracked_nether_bricks",
        "minecraft:chiseled_nether_bricks",
        "minecraft:nether_brick_stairs",
        "minecraft:end_stone",
        "minecraft:end_stone_bricks",
        "minecraft:sandstone_stairs",
        "minecraft:emerald_block",
        "minecraft:spruce_stairs",
        "minecraft:birch_stairs",
        "minecraft:jungle_stairs",
        "minecraft:crimson_stairs",
        "minecraft:warped_stairs",
        "minecraft:chiseled_quartz_block",
        "minecraft:quartz_block",
        "minecraft:quartz_bricks",
        "minecraft:quartz_pillar",
        "minecraft:quartz_stairs",
        "minecraft:white_terracotta",
        "minecraft:orange_terracotta",
        "minecraft:magenta_terracotta",
        "minecraft:light_blue_terracotta",
        "minecraft:yellow_terracotta",
        "minecraft:lime_terracotta",
        "minecraft:pink_terracotta",
        "minecraft:gray_terracotta",
        "minecraft:light_gray_terracotta",
        "minecraft:cyan_terracotta",
        "minecraft:purple_terracotta",
        "minecraft:blue_terracotta",
        "minecraft:brown_terracotta",
        "minecraft:green_terracotta",
        "minecraft:red_terracotta",
        "minecraft:black_terracotta",
        "minecraft:hay_block",
        "minecraft:terracotta",
        "minecraft:packed_ice",
        "minecraft:acacia_stairs",
        "minecraft:dark_oak_stairs",
        "minecraft:white_stained_glass",
        "minecraft:orange_stained_glass",
        "minecraft:magenta_stained_glass",
        "minecraft:light_blue_stained_glass",
        "minecraft:yellow_stained_glass",
        "minecraft:lime_stained_glass",
        "minecraft:pink_stained_glass",
        "minecraft:gray_stained_glass",
        "minecraft:light_gray_stained_glass",
        "minecraft:cyan_stained_glass",
        "minecraft:purple_stained_glass",
        "minecraft:blue_stained_glass",
        "minecraft:brown_stained_glass",
        "minecraft:green_stained_glass",
        "minecraft:red_stained_glass",
        "minecraft:black_stained_glass",
        "minecraft:prismarine",
        "minecraft:prismarine_bricks",
        "minecraft:dark_prismarine",
        "minecraft:prismarine_stairs",
        "minecraft:prismarine_brick_stairs",
        "minecraft:dark_prismarine_stairs",
        "minecraft:sea_lantern",
        "minecraft:red_sandstone",
        "minecraft:chiseled_red_sandstone",
        "minecraft:cut_red_sandstone",
        "minecraft:red_sandstone_stairs",
        "minecraft:magma_block",
        "minecraft:nether_wart_block",
        "minecraft:warped_wart_block",
        "minecraft:red_nether_bricks",
        "minecraft:bone_block",
        "minecraft:white_concrete",
        "minecraft:orange_concrete",
        "minecraft:magenta_concrete",
        "minecraft:light_blue_concrete",
        "minecraft:yellow_concrete",
        "minecraft:lime_concrete",
        "minecraft:pink_concrete",
        "minecraft:gray_concrete",
        "minecraft:light_gray_concrete",
        "minecraft:cyan_concrete",
        "minecraft:purple_concrete",
        "minecraft:blue_concrete",
        "minecraft:brown_concrete",
        "minecraft:green_concrete",
        "minecraft:red_concrete",
        "minecraft:black_concrete",
        "minecraft:white_concrete_powder",
        "minecraft:orange_concrete_powder",
        "minecraft:magenta_concrete_powder",
        "minecraft:light_blue_concrete_powder",
        "minecraft:yellow_concrete_powder",
        "minecraft:lime_concrete_powder",
        "minecraft:pink_concrete_powder",
        "minecraft:gray_concrete_powder",
        "minecraft:light_gray_concrete_powder",
        "minecraft:cyan_concrete_powder",
        "minecraft:purple_concrete_powder",
        "minecraft:blue_concrete_powder",
        "minecraft:brown_concrete_powder",
        "minecraft:green_concrete_powder",
        "minecraft:red_concrete_powder",
        "minecraft:black_concrete_powder",
        "minecraft:dead_tube_coral_block",
        "minecraft:dead_brain_coral_block",
        "minecraft:dead_bubble_coral_block",
        "minecraft:dead_fire_coral_block",
        "minecraft:dead_horn_coral_block",
        "minecraft:tube_coral_block",
        "minecraft:brain_coral_block",
        "minecraft:bubble_coral_block",
        "minecraft:fire_coral_block",
        "minecraft:horn_coral_block",
        "minecraft:blue_ice",
        "minecraft:polished_granite_stairs",
        "minecraft:smooth_red_sandstone_stairs",
        "minecraft:mossy_stone_brick_stairs",
        "minecraft:polished_diorite_stairs",
        "minecraft:mossy_cobblestone_stairs",
        "minecraft:end_stone_brick_stairs",
        "minecraft:stone_stairs",
        "minecraft:smooth_sandstone_stairs",
        "minecraft:smooth_quartz_stairs",
        "minecraft:granite_stairs",
        "minecraft:andesite_stairs",
        "minecraft:red_nether_brick_stairs",
        "minecraft:polished_andesite_stairs",
        "minecraft:diorite_stairs",
        "minecraft:cobbled_deepslate_stairs",
        "minecraft:polished_deepslate_stairs",
        "minecraft:deepslate_brick_stairs",
        "minecraft:deepslate_tile_stairs",
        "minecraft:polished_granite_slab",
        "minecraft:smooth_red_sandstone_slab",
        "minecraft:mossy_stone_brick_slab",
        "minecraft:polished_diorite_slab",
        "minecraft:mossy_cobblestone_slab",
        "minecraft:end_stone_brick_slab",
        "minecraft:smooth_sandstone_slab",
        "minecraft:smooth_quartz_slab",
        "minecraft:granite_slab",
        "minecraft:andesite_slab",
        "minecraft:red_nether_brick_slab",
        "minecraft:polished_andesite_slab",
        "minecraft:diorite_slab",
        "minecraft:cobbled_deepslate_slab",
        "minecraft:polished_deepslate_slab",
        "minecraft:deepslate_brick_slab",
        "minecraft:deepslate_tile_slab",
        "minecraft:dried_kelp_block",
        "minecraft:crying_obsidian",
        "minecraft:blackstone",
        "minecraft:blackstone_slab",
        "minecraft:blackstone_stairs",
        "minecraft:gilded_blackstone",
        "minecraft:polished_blackstone",
        "minecraft:polished_blackstone_slab",
        "minecraft:polished_blackstone_stairs",
        "minecraft:chiseled_polished_blackstone",
        "minecraft:polished_blackstone_bricks",
        "minecraft:polished_blackstone_brick_slab",
        "minecraft:polished_blackstone_brick_stairs",
        "minecraft:cracked_polished_blackstone_bricks",
        "minecraft:mud",
        "minecraft:mangrove_planks",
        "minecraft:mangrove_log",
        "minecraft:mangrove_roots",
        "minecraft:muddy_mangrove_roots",
        "minecraft:stripped_mangrove_log",
        "minecraft:stripped_mangrove_wood",
        "minecraft:mangrove_wood",
        "minecraft:mangrove_slab",
        "minecraft:mud_brick_slab",
        "minecraft:packed_mud",
        "minecraft:mud_bricks",
        "minecraft:reinforced_deepslate",
        "minecraft:mud_brick_stairs",
        "minecraft:mangrove_stairs"
    ]
}
