{
    "name": "minecraft:combat",
    "after": [ "minecraft:tools" ],
    "before": [ "minecraft:brewing" ],
    "icon": "minecraft:golden_sword",
    "contents": [
        "minecraft:turtle_helmet",
        "minecraft:bow",
        "minecraft:arrow",
        "minecraft:wooden_sword",
        "minecraft:stone_sword",
        "minecraft:golden_sword",
        "minecraft:iron_sword",
        "minecraft:diamond_sword",
        "minecraft:netherite_sword",
        "minecraft:leather_helmet",
        "minecraft:leather_chestplate",
        "minecraft:leather_leggings",
        "minecraft:leather_boots",
        "minecraft:chainmail_helmet",
        "minecraft:chainmail_chestplate",
        "minecraft:chainmail_leggings",
        "minecraft:chainmail_boots",
        "minecraft:iron_helmet",
        "minecraft:iron_chestplate",
        "minecraft:iron_leggings",
        "minecraft:iron_boots",
        "minecraft:diamond_helmet",
        "minecraft:diamond_chestplate",
        "minecraft:diamond_leggings",
        "minecraft:diamond_boots",
        "minecraft:golden_helmet",
        "minecraft:golden_chestplate",
        "minecraft:golden_leggings",
        "minecraft:golden_boots",
        "minecraft:netherite_helmet",
        "minecraft:netherite_chestplate",
        "minecraft:netherite_leggings",
        "minecraft:netherite_boots",
        {
            "name": "minecraft:enchanted_book",
            "data": "{StoredEnchantments:[{id:\"minecraft:protection\",lvl:4s}]}"
        },
        {
            "name": "minecraft:enchanted_book",
            "data": "{StoredEnchantments:[{id:\"minecraft:fire_protection\",lvl:4s}]}"
        },
        {
            "name": "minecraft:enchanted_book",
            "data": "{StoredEnchantments:[{id:\"minecraft:feather_falling\",lvl:4s}]}"
        },
        {
            "name": "minecraft:enchanted_book",
            "data": "{StoredEnchantments:[{id:\"minecraft:blast_protection\",lvl:4s}]}"
        },
        {
            "name": "minecraft:enchanted_book",
            "data": "{StoredEnchantments:[{id:\"minecraft:projectile_protection\",lvl:4s}]}"
        },
        {
            "name": "minecraft:enchanted_book",
            "data": "{StoredEnchantments:[{id:\"minecraft:respiration\",lvl:3s}]}"
        },
        {
            "name": "minecraft:enchanted_book",
            "data": "{StoredEnchantments:[{id:\"minecraft:aqua_affinity\",lvl:1s}]}"
        },
        {
            "name": "minecraft:enchanted_book",
            "data": "{StoredEnchantments:[{id:\"minecraft:thorns\",lvl:3s}]}"
        },
        {
            "name": "minecraft:enchanted_book",
            "data": "{StoredEnchantments:[{id:\"minecraft:depth_strider\",lvl:3s}]}"
        },
        {
            "name": "minecraft:enchanted_book",
            "data": "{StoredEnchantments:[{id:\"minecraft:frost_walker\",lvl:2s}]}"
        },
        {
            "name": "minecraft:enchanted_book",
            "data": "{StoredEnchantments:[{id:\"minecraft:binding_curse\",lvl:1s}]}"
        },
        {
            "name": "minecraft:enchanted_book",
            "data": "{StoredEnchantments:[{id:\"minecraft:soul_speed\",lvl:3s}]}"
        },
        {
            "name": "minecraft:enchanted_book",
            "data": "{StoredEnchantments:[{id:\"minecraft:sharpness\",lvl:5s}]}"
        },
        {
            "name": "minecraft:enchanted_book",
            "data": "{StoredEnchantments:[{id:\"minecraft:smite\",lvl:5s}]}"
        },
        {
            "name": "minecraft:enchanted_book",
            "data": "{StoredEnchantments:[{id:\"minecraft:bane_of_arthropods\",lvl:5s}]}"
        },
        {
            "name": "minecraft:enchanted_book",
            "data": "{StoredEnchantments:[{id:\"minecraft:knockback\",lvl:2s}]}"
        },
        {
            "name": "minecraft:enchanted_book",
            "data": "{StoredEnchantments:[{id:\"minecraft:fire_aspect\",lvl:2s}]}"
        },
        {
            "name": "minecraft:enchanted_book",
            "data": "{StoredEnchantments:[{id:\"minecraft:looting\",lvl:3s}]}"
        },
        {
            "name": "minecraft:enchanted_book",
            "data": "{StoredEnchantments:[{id:\"minecraft:sweeping\",lvl:3s}]}"
        },
        {
            "name": "minecraft:enchanted_book",
            "data": "{StoredEnchantments:[{id:\"minecraft:unbreaking\",lvl:3s}]}"
        },
        {
            "name": "minecraft:enchanted_book",
            "data": "{StoredEnchantments:[{id:\"minecraft:power\",lvl:5s}]}"
        },
        {
            "name": "minecraft:enchanted_book",
            "data": "{StoredEnchantments:[{id:\"minecraft:punch\",lvl:2s}]}"
        },
        {
            "name": "minecraft:enchanted_book",
            "data": "{StoredEnchantments:[{id:\"minecraft:flame\",lvl:1s}]}"
        },
        {
            "name": "minecraft:enchanted_book",
            "data": "{StoredEnchantments:[{id:\"minecraft:infinity\",lvl:1s}]}"
        },
        {
            "name": "minecraft:enchanted_book",
            "data": "{StoredEnchantments:[{id:\"minecraft:loyalty\",lvl:3s}]}"
        },
        {
            "name": "minecraft:enchanted_book",
            "data": "{StoredEnchantments:[{id:\"minecraft:impaling\",lvl:5s}]}"
        },
        {
            "name": "minecraft:enchanted_book",
            "data": "{StoredEnchantments:[{id:\"minecraft:riptide\",lvl:3s}]}"
        },
        {
            "name": "minecraft:enchanted_book",
            "data": "{StoredEnchantments:[{id:\"minecraft:channeling\",lvl:1s}]}"
        },
        {
            "name": "minecraft:enchanted_book",
            "data": "{StoredEnchantments:[{id:\"minecraft:multishot\",lvl:1s}]}"
        },
        {
            "name": "minecraft:enchanted_book",
            "data": "{StoredEnchantments:[{id:\"minecraft:quick_charge\",lvl:3s}]}"
        },
        {
            "name": "minecraft:enchanted_book",
            "data": "{StoredEnchantments:[{id:\"minecraft:piercing\",lvl:4s}]}"
        },
        {
            "name": "minecraft:enchanted_book",
            "data": "{StoredEnchantments:[{id:\"minecraft:mending\",lvl:1s}]}"
        },
        {
            "name": "minecraft:enchanted_book",
            "data": "{StoredEnchantments:[{id:\"minecraft:vanishing_curse\",lvl:1s}]}"
        },
        {
            "name": "minecraft:enchanted_book",
            "data": "{StoredEnchantments:[{id:\"minecraft:swift_sneak\",lvl:3s}]}"
        },
        "minecraft:spectral_arrow",
        {
            "name": "minecraft:tipped_arrow",
            "data": "{Potion:\"minecraft:night_vision\"}"
        },
        {
            "name": "minecraft:tipped_arrow",
            "data": "{Potion:\"minecraft:long_night_vision\"}"
        },
        {
            "name": "minecraft:tipped_arrow",
            "data": "{Potion:\"minecraft:invisibility\"}"
        },
        {
            "name": "minecraft:tipped_arrow",
            "data": "{Potion:\"minecraft:long_invisibility\"}"
        },
        {
            "name": "minecraft:tipped_arrow",
            "data": "{Potion:\"minecraft:leaping\"}"
        },
        {
            "name": "minecraft:tipped_arrow",
            "data": "{Potion:\"minecraft:long_leaping\"}"
        },
        {
            "name": "minecraft:tipped_arrow",
            "data": "{Potion:\"minecraft:strong_leaping\"}"
        },
        {
            "name": "minecraft:tipped_arrow",
            "data": "{Potion:\"minecraft:fire_resistance\"}"
        },
        {
            "name": "minecraft:tipped_arrow",
            "data": "{Potion:\"minecraft:long_fire_resistance\"}"
        },
        {
            "name": "minecraft:tipped_arrow",
            "data": "{Potion:\"minecraft:swiftness\"}"
        },
        {
            "name": "minecraft:tipped_arrow",
            "data": "{Potion:\"minecraft:long_swiftness\"}"
        },
        {
            "name": "minecraft:tipped_arrow",
            "data": "{Potion:\"minecraft:strong_swiftness\"}"
        },
        {
            "name": "minecraft:tipped_arrow",
            "data": "{Potion:\"minecraft:slowness\"}"
        },
        {
            "name": "minecraft:tipped_arrow",
            "data": "{Potion:\"minecraft:long_slowness\"}"
        },
        {
            "name": "minecraft:tipped_arrow",
            "data": "{Potion:\"minecraft:strong_slowness\"}"
        },
        {
            "name": "minecraft:tipped_arrow",
            "data": "{Potion:\"minecraft:turtle_master\"}"
        },
        {
            "name": "minecraft:tipped_arrow",
            "data": "{Potion:\"minecraft:long_turtle_master\"}"
        },
        {
            "name": "minecraft:tipped_arrow",
            "data": "{Potion:\"minecraft:strong_turtle_master\"}"
        },
        {
            "name": "minecraft:tipped_arrow",
            "data": "{Potion:\"minecraft:water_breathing\"}"
        },
        {
            "name": "minecraft:tipped_arrow",
            "data": "{Potion:\"minecraft:long_water_breathing\"}"
        },
        {
            "name": "minecraft:tipped_arrow",
            "data": "{Potion:\"minecraft:healing\"}"
        },
        {
            "name": "minecraft:tipped_arrow",
            "data": "{Potion:\"minecraft:strong_healing\"}"
        },
        {
            "name": "minecraft:tipped_arrow",
            "data": "{Potion:\"minecraft:harming\"}"
        },
        {
            "name": "minecraft:tipped_arrow",
            "data": "{Potion:\"minecraft:strong_harming\"}"
        },
        {
            "name": "minecraft:tipped_arrow",
            "data": "{Potion:\"minecraft:poison\"}"
        },
        {
            "name": "minecraft:tipped_arrow",
            "data": "{Potion:\"minecraft:long_poison\"}"
        },
        {
            "name": "minecraft:tipped_arrow",
            "data": "{Potion:\"minecraft:strong_poison\"}"
        },
        {
            "name": "minecraft:tipped_arrow",
            "data": "{Potion:\"minecraft:regeneration\"}"
        },
        {
            "name": "minecraft:tipped_arrow",
            "data": "{Potion:\"minecraft:long_regeneration\"}"
        },
        {
            "name": "minecraft:tipped_arrow",
            "data": "{Potion:\"minecraft:strong_regeneration\"}"
        },
        {
            "name": "minecraft:tipped_arrow",
            "data": "{Potion:\"minecraft:strength\"}"
        },
        {
            "name": "minecraft:tipped_arrow",
            "data": "{Potion:\"minecraft:long_strength\"}"
        },
        {
            "name": "minecraft:tipped_arrow",
            "data": "{Potion:\"minecraft:strong_strength\"}"
        },
        {
            "name": "minecraft:tipped_arrow",
            "data": "{Potion:\"minecraft:weakness\"}"
        },
        {
            "name": "minecraft:tipped_arrow",
            "data": "{Potion:\"minecraft:long_weakness\"}"
        },
        {
            "name": "minecraft:tipped_arrow",
            "data": "{Potion:\"minecraft:luck\"}"
        },
        {
            "name": "minecraft:tipped_arrow",
            "data": "{Potion:\"minecraft:slow_falling\"}"
        },
        {
            "name": "minecraft:tipped_arrow",
            "data": "{Potion:\"minecraft:long_slow_falling\"}"
        },
        "minecraft:shield",
        "minecraft:totem_of_undying",
        "minecraft:trident",
        "minecraft:crossbow"
    ]
}
