{
    "name": "minecraft:decoration_blocks",
    "after": [ "minecraft:building_blocks" ],
    "before": [ "minecraft:redstone" ],
    "icon": "minecraft:peony",
    "contents": [
        "minecraft:oak_sapling",
        "minecraft:spruce_sapling",
        "minecraft:birch_sapling",
        "minecraft:jungle_sapling",
        "minecraft:acacia_sapling",
        "minecraft:dark_oak_sapling",
        "minecraft:oak_leaves",
        "minecraft:spruce_leaves",
        "minecraft:birch_leaves",
        "minecraft:jungle_leaves",
        "minecraft:acacia_leaves",
        "minecraft:dark_oak_leaves",
        "minecraft:azalea_leaves",
        "minecraft:flowering_azalea_leaves",
        "minecraft:cobweb",
        "minecraft:grass",
        "minecraft:fern",
        "minecraft:azalea",
        "minecraft:flowering_azalea",
        "minecraft:dead_bush",
        "minecraft:seagrass",
        "minecraft:sea_pickle",
        "minecraft:dandelion",
        "minecraft:poppy",
        "minecraft:blue_orchid",
        "minecraft:allium",
        "minecraft:azure_bluet",
        "minecraft:red_tulip",
        "minecraft:orange_tulip",
        "minecraft:white_tulip",
        "minecraft:pink_tulip",
        "minecraft:oxeye_daisy",
        "minecraft:cornflower",
        "minecraft:lily_of_the_valley",
        "minecraft:wither_rose",
        "minecraft:spore_blossom",
        "minecraft:brown_mushroom",
        "minecraft:red_mushroom",
        "minecraft:crimson_fungus",
        "minecraft:warped_fungus",
        "minecraft:crimson_roots",
        "minecraft:warped_roots",
        "minecraft:nether_sprouts",
        "minecraft:weeping_vines",
        "minecraft:twisting_vines",
        "minecraft:sugar_cane",
        "minecraft:kelp",
        "minecraft:moss_carpet",
        "minecraft:moss_block",
        "minecraft:hanging_roots",
        "minecraft:big_dripleaf",
        "minecraft:small_dripleaf",
        "minecraft:bamboo",
        "minecraft:torch",
        "minecraft:end_rod",
        "minecraft:chorus_plant",
        "minecraft:chorus_flower",
        "minecraft:chest",
        "minecraft:crafting_table",
        "minecraft:farmland",
        "minecraft:furnace",
        "minecraft:ladder",
        "minecraft:snow",
        "minecraft:cactus",
        "minecraft:jukebox",
        "minecraft:oak_fence",
        "minecraft:spruce_fence",
        "minecraft:birch_fence",
        "minecraft:jungle_fence",
        "minecraft:acacia_fence",
        "minecraft:dark_oak_fence",
        "minecraft:crimson_fence",
        "minecraft:warped_fence",
        "minecraft:soul_torch",
        "minecraft:infested_stone",
        "minecraft:infested_cobblestone",
        "minecraft:infested_stone_bricks",
        "minecraft:infested_mossy_stone_bricks",
        "minecraft:infested_cracked_stone_bricks",
        "minecraft:infested_chiseled_stone_bricks",
        "minecraft:infested_deepslate",
        "minecraft:brown_mushroom_block",
        "minecraft:red_mushroom_block",
        "minecraft:mushroom_stem",
        "minecraft:iron_bars",
        "minecraft:chain",
        "minecraft:glass_pane",
        "minecraft:vine",
        "minecraft:glow_lichen",
        "minecraft:lily_pad",
        "minecraft:nether_brick_fence",
        "minecraft:enchanting_table",
        "minecraft:end_portal_frame",
        "minecraft:ender_chest",
        "minecraft:cobblestone_wall",
        "minecraft:mossy_cobblestone_wall",
        "minecraft:brick_wall",
        "minecraft:prismarine_wall",
        "minecraft:red_sandstone_wall",
        "minecraft:mossy_stone_brick_wall",
        "minecraft:granite_wall",
        "minecraft:stone_brick_wall",
        "minecraft:nether_brick_wall",
        "minecraft:andesite_wall",
        "minecraft:red_nether_brick_wall",
        "minecraft:sandstone_wall",
        "minecraft:end_stone_brick_wall",
        "minecraft:diorite_wall",
        "minecraft:blackstone_wall",
        "minecraft:polished_blackstone_wall",
        "minecraft:polished_blackstone_brick_wall",
        "minecraft:cobbled_deepslate_wall",
        "minecraft:polished_deepslate_wall",
        "minecraft:deepslate_brick_wall",
        "minecraft:deepslate_tile_wall",
        "minecraft:anvil",
        "minecraft:chipped_anvil",
        "minecraft:damaged_anvil",
        "minecraft:white_carpet",
        "minecraft:orange_carpet",
        "minecraft:magenta_carpet",
        "minecraft:light_blue_carpet",
        "minecraft:yellow_carpet",
        "minecraft:lime_carpet",
        "minecraft:pink_carpet",
        "minecraft:gray_carpet",
        "minecraft:light_gray_carpet",
        "minecraft:cyan_carpet",
        "minecraft:purple_carpet",
        "minecraft:blue_carpet",
        "minecraft:brown_carpet",
        "minecraft:green_carpet",
        "minecraft:red_carpet",
        "minecraft:black_carpet",
        "minecraft:dirt_path",
        "minecraft:sunflower",
        "minecraft:lilac",
        "minecraft:rose_bush",
        "minecraft:peony",
        "minecraft:tall_grass",
        "minecraft:large_fern",
        "minecraft:white_stained_glass_pane",
        "minecraft:orange_stained_glass_pane",
        "minecraft:magenta_stained_glass_pane",
        "minecraft:light_blue_stained_glass_pane",
        "minecraft:yellow_stained_glass_pane",
        "minecraft:lime_stained_glass_pane",
        "minecraft:pink_stained_glass_pane",
        "minecraft:gray_stained_glass_pane",
        "minecraft:light_gray_stained_glass_pane",
        "minecraft:cyan_stained_glass_pane",
        "minecraft:purple_stained_glass_pane",
        "minecraft:blue_stained_glass_pane",
        "minecraft:brown_stained_glass_pane",
        "minecraft:green_stained_glass_pane",
        "minecraft:red_stained_glass_pane",
        "minecraft:black_stained_glass_pane",
        "minecraft:shulker_box",
        "minecraft:white_shulker_box",
        "minecraft:orange_shulker_box",
        "minecraft:magenta_shulker_box",
        "minecraft:light_blue_shulker_box",
        "minecraft:yellow_shulker_box",
        "minecraft:lime_shulker_box",
        "minecraft:pink_shulker_box",
        "minecraft:gray_shulker_box",
        "minecraft:light_gray_shulker_box",
        "minecraft:cyan_shulker_box",
        "minecraft:purple_shulker_box",
        "minecraft:blue_shulker_box",
        "minecraft:brown_shulker_box",
        "minecraft:green_shulker_box",
        "minecraft:red_shulker_box",
        "minecraft:black_shulker_box",
        "minecraft:white_glazed_terracotta",
        "minecraft:orange_glazed_terracotta",
        "minecraft:magenta_glazed_terracotta",
        "minecraft:light_blue_glazed_terracotta",
        "minecraft:yellow_glazed_terracotta",
        "minecraft:lime_glazed_terracotta",
        "minecraft:pink_glazed_terracotta",
        "minecraft:gray_glazed_terracotta",
        "minecraft:light_gray_glazed_terracotta",
        "minecraft:cyan_glazed_terracotta",
        "minecraft:purple_glazed_terracotta",
        "minecraft:blue_glazed_terracotta",
        "minecraft:brown_glazed_terracotta",
        "minecraft:green_glazed_terracotta",
        "minecraft:red_glazed_terracotta",
        "minecraft:black_glazed_terracotta",
        "minecraft:tube_coral",
        "minecraft:brain_coral",
        "minecraft:bubble_coral",
        "minecraft:fire_coral",
        "minecraft:horn_coral",
        "minecraft:dead_brain_coral",
        "minecraft:dead_bubble_coral",
        "minecraft:dead_fire_coral",
        "minecraft:dead_horn_coral",
        "minecraft:dead_tube_coral",
        "minecraft:tube_coral_fan",
        "minecraft:brain_coral_fan",
        "minecraft:bubble_coral_fan",
        "minecraft:fire_coral_fan",
        "minecraft:horn_coral_fan",
        "minecraft:dead_tube_coral_fan",
        "minecraft:dead_brain_coral_fan",
        "minecraft:dead_bubble_coral_fan",
        "minecraft:dead_fire_coral_fan",
        "minecraft:dead_horn_coral_fan",
        "minecraft:scaffolding",
        "minecraft:painting",
        "minecraft:oak_sign",
        "minecraft:spruce_sign",
        "minecraft:birch_sign",
        "minecraft:jungle_sign",
        "minecraft:acacia_sign",
        "minecraft:dark_oak_sign",
        "minecraft:crimson_sign",
        "minecraft:warped_sign",
        "minecraft:white_bed",
        "minecraft:orange_bed",
        "minecraft:magenta_bed",
        "minecraft:light_blue_bed",
        "minecraft:yellow_bed",
        "minecraft:lime_bed",
        "minecraft:pink_bed",
        "minecraft:gray_bed",
        "minecraft:light_gray_bed",
        "minecraft:cyan_bed",
        "minecraft:purple_bed",
        "minecraft:blue_bed",
        "minecraft:brown_bed",
        "minecraft:green_bed",
        "minecraft:red_bed",
        "minecraft:black_bed",
        "minecraft:item_frame",
        "minecraft:glow_item_frame",
        "minecraft:flower_pot",
        "minecraft:skeleton_skull",
        "minecraft:wither_skeleton_skull",
        "minecraft:player_head",
        "minecraft:zombie_head",
        "minecraft:creeper_head",
        "minecraft:dragon_head",
        "minecraft:armor_stand",
        "minecraft:white_banner",
        "minecraft:orange_banner",
        "minecraft:magenta_banner",
        "minecraft:light_blue_banner",
        "minecraft:yellow_banner",
        "minecraft:lime_banner",
        "minecraft:pink_banner",
        "minecraft:gray_banner",
        "minecraft:light_gray_banner",
        "minecraft:cyan_banner",
        "minecraft:purple_banner",
        "minecraft:blue_banner",
        "minecraft:brown_banner",
        "minecraft:green_banner",
        "minecraft:red_banner",
        "minecraft:black_banner",
        "minecraft:end_crystal",
        "minecraft:loom",
        "minecraft:composter",
        "minecraft:barrel",
        "minecraft:smoker",
        "minecraft:blast_furnace",
        "minecraft:cartography_table",
        "minecraft:fletching_table",
        "minecraft:grindstone",
        "minecraft:smithing_table",
        "minecraft:stonecutter",
        "minecraft:bell",
        "minecraft:lantern",
        "minecraft:soul_lantern",
        "minecraft:campfire",
        "minecraft:soul_campfire",
        "minecraft:shroomlight",
        "minecraft:bee_nest",
        "minecraft:beehive",
        "minecraft:honeycomb_block",
        "minecraft:lodestone",
        "minecraft:respawn_anchor",
        "minecraft:candle",
        "minecraft:white_candle",
        "minecraft:orange_candle",
        "minecraft:magenta_candle",
        "minecraft:light_blue_candle",
        "minecraft:yellow_candle",
        "minecraft:lime_candle",
        "minecraft:pink_candle",
        "minecraft:gray_candle",
        "minecraft:light_gray_candle",
        "minecraft:cyan_candle",
        "minecraft:purple_candle",
        "minecraft:blue_candle",
        "minecraft:brown_candle",
        "minecraft:green_candle",
        "minecraft:red_candle",
        "minecraft:black_candle",
        "minecraft:small_amethyst_bud",
        "minecraft:medium_amethyst_bud",
        "minecraft:large_amethyst_bud",
        "minecraft:amethyst_cluster",
        "minecraft:pointed_dripstone",
        "minecraft:mangrove_propagule",
        "minecraft:mangrove_leaves",
        "minecraft:mangrove_fence",
        "minecraft:sculk",
        "minecraft:sculk_vein",
        "minecraft:sculk_catalyst",
        "minecraft:sculk_shrieker",
        "minecraft:mud_brick_wall",
        "minecraft:mangrove_sign",
        "minecraft:ochre_froglight",
        "minecraft:verdant_froglight",
        "minecraft:pearlescent_froglight"
    ]
}
