{
    "name": "minecraft:foodstuffs",
    "after": [ "minecraft:misc" ],
    "before": [ "minecraft:tools" ],
    "icon": "minecraft:apple",
    "contents": [
        "minecraft:apple",
        "minecraft:mushroom_stew",
        "minecraft:bread",
        "minecraft:porkchop",
        "minecraft:cooked_porkchop",
        "minecraft:golden_apple",
        "minecraft:enchanted_golden_apple",
        "minecraft:cod",
        "minecraft:salmon",
        "minecraft:tropical_fish",
        "minecraft:pufferfish",
        "minecraft:cooked_cod",
        "minecraft:cooked_salmon",
        "minecraft:cake",
        "minecraft:cookie",
        "minecraft:melon_slice",
        "minecraft:dried_kelp",
        "minecraft:beef",
        "minecraft:cooked_beef",
        "minecraft:chicken",
        "minecraft:cooked_chicken",
        "minecraft:rotten_flesh",
        "minecraft:spider_eye",
        "minecraft:carrot",
        "minecraft:potato",
        "minecraft:baked_potato",
        "minecraft:poisonous_potato",
        "minecraft:pumpkin_pie",
        "minecraft:rabbit",
        "minecraft:cooked_rabbit",
        "minecraft:rabbit_stew",
        "minecraft:mutton",
        "minecraft:cooked_mutton",
        "minecraft:beetroot",
        "minecraft:beetroot_soup",
        "minecraft:sweet_berries",
        "minecraft:glow_berries",
        "minecraft:honey_bottle"
    ]
}
