{
    "name": "minecraft:misc",
    "after": [ "minecraft:transportation" ],
    "before": [ "minecraft:foodstuffs" ],
    "icon": "minecraft:lava_bucket",
    "contents": [
        "minecraft:beacon",
        "minecraft:turtle_egg",
        "minecraft:conduit",
        "minecraft:scute",
        "minecraft:coal",
        "minecraft:charcoal",
        "minecraft:diamond",
        "minecraft:emerald",
        "minecraft:lapis_lazuli",
        "minecraft:quartz",
        "minecraft:amethyst_shard",
        "minecraft:raw_iron",
        "minecraft:iron_ingot",
        "minecraft:raw_copper",
        "minecraft:copper_ingot",
        "minecraft:raw_gold",
        "minecraft:gold_ingot",
        "minecraft:netherite_ingot",
        "minecraft:netherite_scrap",
        "minecraft:stick",
        "minecraft:bowl",
        "minecraft:string",
        "minecraft:feather",
        "minecraft:gunpowder",
        "minecraft:wheat_seeds",
        "minecraft:wheat",
        "minecraft:flint",
        "minecraft:bucket",
        "minecraft:water_bucket",
        "minecraft:lava_bucket",
        "minecraft:powder_snow_bucket",
        "minecraft:snowball",
        "minecraft:leather",
        "minecraft:milk_bucket",
        "minecraft:pufferfish_bucket",
        "minecraft:salmon_bucket",
        "minecraft:cod_bucket",
        "minecraft:tropical_fish_bucket",
        "minecraft:axolotl_bucket",
        "minecraft:brick",
        "minecraft:clay_ball",
        "minecraft:paper",
        "minecraft:book",
        "minecraft:slime_ball",
        "minecraft:egg",
        "minecraft:glowstone_dust",
        "minecraft:ink_sac",
        "minecraft:glow_ink_sac",
        "minecraft:cocoa_beans",
        "minecraft:white_dye",
        "minecraft:orange_dye",
        "minecraft:magenta_dye",
        "minecraft:light_blue_dye",
        "minecraft:yellow_dye",
        "minecraft:lime_dye",
        "minecraft:pink_dye",
        "minecraft:gray_dye",
        "minecraft:light_gray_dye",
        "minecraft:cyan_dye",
        "minecraft:purple_dye",
        "minecraft:blue_dye",
        "minecraft:brown_dye",
        "minecraft:green_dye",
        "minecraft:red_dye",
        "minecraft:black_dye",
        "minecraft:bone_meal",
        "minecraft:bone",
        "minecraft:sugar",
        "minecraft:pumpkin_seeds",
        "minecraft:melon_seeds",
        "minecraft:ender_pearl",
        "minecraft:blaze_rod",
        "minecraft:gold_nugget",
        "minecraft:nether_wart",
        "minecraft:ender_eye",
        "minecraft:axolotl_spawn_egg",
        "minecraft:bat_spawn_egg",
        "minecraft:bee_spawn_egg",
        "minecraft:blaze_spawn_egg",
        "minecraft:cat_spawn_egg",
        "minecraft:cave_spider_spawn_egg",
        "minecraft:chicken_spawn_egg",
        "minecraft:cod_spawn_egg",
        "minecraft:cow_spawn_egg",
        "minecraft:creeper_spawn_egg",
        "minecraft:dolphin_spawn_egg",
        "minecraft:donkey_spawn_egg",
        "minecraft:drowned_spawn_egg",
        "minecraft:elder_guardian_spawn_egg",
        "minecraft:enderman_spawn_egg",
        "minecraft:endermite_spawn_egg",
        "minecraft:evoker_spawn_egg",
        "minecraft:fox_spawn_egg",
        "minecraft:ghast_spawn_egg",
        "minecraft:glow_squid_spawn_egg",
        "minecraft:goat_spawn_egg",
        "minecraft:guardian_spawn_egg",
        "minecraft:hoglin_spawn_egg",
        "minecraft:horse_spawn_egg",
        "minecraft:husk_spawn_egg",
        "minecraft:llama_spawn_egg",
        "minecraft:magma_cube_spawn_egg",
        "minecraft:mooshroom_spawn_egg",
        "minecraft:mule_spawn_egg",
        "minecraft:ocelot_spawn_egg",
        "minecraft:panda_spawn_egg",
        "minecraft:parrot_spawn_egg",
        "minecraft:phantom_spawn_egg",
        "minecraft:pig_spawn_egg",
        "minecraft:piglin_spawn_egg",
        "minecraft:piglin_brute_spawn_egg",
        "minecraft:pillager_spawn_egg",
        "minecraft:polar_bear_spawn_egg",
        "minecraft:pufferfish_spawn_egg",
        "minecraft:rabbit_spawn_egg",
        "minecraft:ravager_spawn_egg",
        "minecraft:salmon_spawn_egg",
        "minecraft:sheep_spawn_egg",
        "minecraft:shulker_spawn_egg",
        "minecraft:silverfish_spawn_egg",
        "minecraft:skeleton_spawn_egg",
        "minecraft:skeleton_horse_spawn_egg",
        "minecraft:slime_spawn_egg",
        "minecraft:spider_spawn_egg",
        "minecraft:squid_spawn_egg",
        "minecraft:stray_spawn_egg",
        "minecraft:strider_spawn_egg",
        "minecraft:trader_llama_spawn_egg",
        "minecraft:tropical_fish_spawn_egg",
        "minecraft:turtle_spawn_egg",
        "minecraft:vex_spawn_egg",
        "minecraft:villager_spawn_egg",
        "minecraft:vindicator_spawn_egg",
        "minecraft:wandering_trader_spawn_egg",
        "minecraft:witch_spawn_egg",
        "minecraft:wither_skeleton_spawn_egg",
        "minecraft:wolf_spawn_egg",
        "minecraft:zoglin_spawn_egg",
        "minecraft:zombie_spawn_egg",
        "minecraft:zombie_horse_spawn_egg",
        "minecraft:zombie_villager_spawn_egg",
        "minecraft:zombified_piglin_spawn_egg",
        "minecraft:experience_bottle",
        "minecraft:fire_charge",
        "minecraft:writable_book",
        "minecraft:map",
        "minecraft:nether_star",
        "minecraft:firework_rocket",
        "minecraft:firework_star",
        "minecraft:nether_brick",
        "minecraft:prismarine_shard",
        "minecraft:prismarine_crystals",
        "minecraft:rabbit_hide",
        "minecraft:iron_horse_armor",
        "minecraft:golden_horse_armor",
        "minecraft:diamond_horse_armor",
        "minecraft:leather_horse_armor",
        "minecraft:chorus_fruit",
        "minecraft:popped_chorus_fruit",
        "minecraft:beetroot_seeds",
        "minecraft:shulker_shell",
        "minecraft:iron_nugget",
        "minecraft:music_disc_13",
        "minecraft:music_disc_cat",
        "minecraft:music_disc_blocks",
        "minecraft:music_disc_chirp",
        "minecraft:music_disc_far",
        "minecraft:music_disc_mall",
        "minecraft:music_disc_mellohi",
        "minecraft:music_disc_stal",
        "minecraft:music_disc_strad",
        "minecraft:music_disc_ward",
        "minecraft:music_disc_11",
        "minecraft:music_disc_wait",
        "minecraft:music_disc_otherside",
        "minecraft:music_disc_pigstep",
        "minecraft:nautilus_shell",
        "minecraft:heart_of_the_sea",
        "minecraft:flower_banner_pattern",
        "minecraft:creeper_banner_pattern",
        "minecraft:skull_banner_pattern",
        "minecraft:mojang_banner_pattern",
        "minecraft:globe_banner_pattern",
        "minecraft:piglin_banner_pattern",
        "minecraft:honeycomb",
        "minecraft:tadpole_bucket",
        "minecraft:allay_spawn_egg",
        "minecraft:frog_spawn_egg",
        "minecraft:tadpole_spawn_egg",
        "minecraft:warden_spawn_egg",
        "minecraft:music_disc_5",
        "minecraft:disc_fragment_5",
        {
            "name": "minecraft:goat_horn",
            "data": "{instrument:\"minecraft:ponder_goat_horn\"}"
        },
        {
            "name": "minecraft:goat_horn",
            "data": "{instrument:\"minecraft:sing_goat_horn\"}"
        },
        {
            "name": "minecraft:goat_horn",
            "data": "{instrument:\"minecraft:seek_goat_horn\"}"
        },
        {
            "name": "minecraft:goat_horn",
            "data": "{instrument:\"minecraft:feel_goat_horn\"}"
        },
        {
            "name": "minecraft:goat_horn",
            "data": "{instrument:\"minecraft:admire_goat_horn\"}"
        },
        {
            "name": "minecraft:goat_horn",
            "data": "{instrument:\"minecraft:call_goat_horn\"}"
        },
        {
            "name": "minecraft:goat_horn",
            "data": "{instrument:\"minecraft:yearn_goat_horn\"}"
        },
        {
            "name": "minecraft:goat_horn",
            "data": "{instrument:\"minecraft:dream_goat_horn\"}"
        },
        "minecraft:frogspawn",
        "minecraft:echo_shard"
    ]
}
