{
    "name": "minecraft:redstone",
    "after": [ "minecraft:decoration_blocks" ],
    "before": [ "minecraft:transportation" ],
    "icon": "minecraft:redstone",
    "contents": [
        "minecraft:redstone",
        "minecraft:redstone_torch",
        "minecraft:redstone_block",
        "minecraft:repeater",
        "minecraft:comparator",
        "minecraft:piston",
        "minecraft:sticky_piston",
        "minecraft:slime_block",
        "minecraft:honey_block",
        "minecraft:observer",
        "minecraft:hopper",
        "minecraft:dispenser",
        "minecraft:dropper",
        "minecraft:lectern",
        "minecraft:target",
        "minecraft:lever",
        "minecraft:lightning_rod",
        "minecraft:daylight_detector",
        "minecraft:sculk_sensor",
        "minecraft:tripwire_hook",
        "minecraft:trapped_chest",
        "minecraft:tnt",
        "minecraft:redstone_lamp",
        "minecraft:note_block",
        "minecraft:stone_button",
        "minecraft:polished_blackstone_button",
        "minecraft:oak_button",
        "minecraft:spruce_button",
        "minecraft:birch_button",
        "minecraft:jungle_button",
        "minecraft:acacia_button",
        "minecraft:dark_oak_button",
        "minecraft:crimson_button",
        "minecraft:warped_button",
        "minecraft:stone_pressure_plate",
        "minecraft:polished_blackstone_pressure_plate",
        "minecraft:light_weighted_pressure_plate",
        "minecraft:heavy_weighted_pressure_plate",
        "minecraft:oak_pressure_plate",
        "minecraft:spruce_pressure_plate",
        "minecraft:birch_pressure_plate",
        "minecraft:jungle_pressure_plate",
        "minecraft:acacia_pressure_plate",
        "minecraft:dark_oak_pressure_plate",
        "minecraft:crimson_pressure_plate",
        "minecraft:warped_pressure_plate",
        "minecraft:iron_door",
        "minecraft:oak_door",
        "minecraft:spruce_door",
        "minecraft:birch_door",
        "minecraft:jungle_door",
        "minecraft:acacia_door",
        "minecraft:dark_oak_door",
        "minecraft:crimson_door",
        "minecraft:warped_door",
        "minecraft:iron_trapdoor",
        "minecraft:oak_trapdoor",
        "minecraft:spruce_trapdoor",
        "minecraft:birch_trapdoor",
        "minecraft:jungle_trapdoor",
        "minecraft:acacia_trapdoor",
        "minecraft:dark_oak_trapdoor",
        "minecraft:crimson_trapdoor",
        "minecraft:warped_trapdoor",
        "minecraft:oak_fence_gate",
        "minecraft:spruce_fence_gate",
        "minecraft:birch_fence_gate",
        "minecraft:jungle_fence_gate",
        "minecraft:acacia_fence_gate",
        "minecraft:dark_oak_fence_gate",
        "minecraft:crimson_fence_gate",
        "minecraft:warped_fence_gate",
        "minecraft:mangrove_button",
        "minecraft:mangrove_pressure_plate",
        "minecraft:mangrove_door",
        "minecraft:mangrove_trapdoor",
        "minecraft:mangrove_fence_gate"
    ]
}
