{
    "name": "minecraft:tools",
    "after": [ "minecraft:foodstuffs" ],
    "before": [ "minecraft:combat" ],
    "icon": "minecraft:iron_axe",
    "contents": [
        "minecraft:flint_and_steel",
        "minecraft:wooden_shovel",
        "minecraft:wooden_pickaxe",
        "minecraft:wooden_axe",
        "minecraft:wooden_hoe",
        "minecraft:stone_shovel",
        "minecraft:stone_pickaxe",
        "minecraft:stone_axe",
        "minecraft:stone_hoe",
        "minecraft:golden_shovel",
        "minecraft:golden_pickaxe",
        "minecraft:golden_axe",
        "minecraft:golden_hoe",
        "minecraft:iron_shovel",
        "minecraft:iron_pickaxe",
        "minecraft:iron_axe",
        "minecraft:iron_hoe",
        "minecraft:diamond_shovel",
        "minecraft:diamond_pickaxe",
        "minecraft:diamond_axe",
        "minecraft:diamond_hoe",
        "minecraft:netherite_shovel",
        "minecraft:netherite_pickaxe",
        "minecraft:netherite_axe",
        "minecraft:netherite_hoe",
        "minecraft:compass",
        "minecraft:fishing_rod",
        "minecraft:clock",
        "minecraft:spyglass",
        "minecraft:shears",
        {
            "name": "minecraft:enchanted_book",
            "data": "{StoredEnchantments:[{id:\"minecraft:efficiency\",lvl:5s}]}"
        },
        {
            "name": "minecraft:enchanted_book",
            "data": "{StoredEnchantments:[{id:\"minecraft:silk_touch\",lvl:1s}]}"
        },
        {
            "name": "minecraft:enchanted_book",
            "data": "{StoredEnchantments:[{id:\"minecraft:unbreaking\",lvl:3s}]}"
        },
        {
            "name": "minecraft:enchanted_book",
            "data": "{StoredEnchantments:[{id:\"minecraft:fortune\",lvl:3s}]}"
        },
        {
            "name": "minecraft:enchanted_book",
            "data": "{StoredEnchantments:[{id:\"minecraft:luck_of_the_sea\",lvl:3s}]}"
        },
        {
            "name": "minecraft:enchanted_book",
            "data": "{StoredEnchantments:[{id:\"minecraft:lure\",lvl:3s}]}"
        },
        {
            "name": "minecraft:enchanted_book",
            "data": "{StoredEnchantments:[{id:\"minecraft:mending\",lvl:1s}]}"
        },
        {
            "name": "minecraft:enchanted_book",
            "data": "{StoredEnchantments:[{id:\"minecraft:vanishing_curse\",lvl:1s}]}"
        },
        "minecraft:lead",
        "minecraft:name_tag",
        "minecraft:recovery_compass"
    ]
}
