{
    "name": "minecraft:transportation",
    "after": [ "minecraft:redstone" ],
    "before": [ "minecraft:misc" ],
    "icon": "minecraft:powered_rail",
    "contents": [
        "minecraft:powered_rail",
        "minecraft:detector_rail",
        "minecraft:rail",
        "minecraft:activator_rail",
        "minecraft:saddle",
        "minecraft:minecart",
        "minecraft:chest_minecart",
        "minecraft:furnace_minecart",
        "minecraft:tnt_minecart",
        "minecraft:hopper_minecart",
        "minecraft:carrot_on_a_stick",
        "minecraft:warped_fungus_on_a_stick",
        "minecraft:elytra",
        "minecraft:oak_boat",
        "minecraft:spruce_boat",
        "minecraft:birch_boat",
        "minecraft:jungle_boat",
        "minecraft:acacia_boat",
        "minecraft:dark_oak_boat",
        "minecraft:oak_chest_boat",
        "minecraft:spruce_chest_boat",
        "minecraft:birch_chest_boat",
        "minecraft:jungle_chest_boat",
        "minecraft:acacia_chest_boat",
        "minecraft:dark_oak_chest_boat",
        "minecraft:mangrove_boat",
        "minecraft:mangrove_chest_boat"
    ]
}
